Modelo,ROC_AUC,F1_Score,Recall,Accuracy
Modelo Final,0.9304219782121939,0.8932038834951457,0.8598130841121495,0.8804347826086957
